tree_id,plot,row,distance_m,crop,variety,rootstock,planted_year,status,notes
H-H.M01,house,біля хати,1,Груша,осіння (з ліцею),,2000,прижилося,
H-H.M04,house,біля хати,4,Яблуня,невідомо,,2000,прижилося,
H-G.M06,house,перед городом,6,Шовковиця,Біла (Morus alba),,2023,прижилося,
H-G.M10,house,перед городом,10,Фундук,Джедай,,2022,прижилося,
H-G.M12,house,перед городом,12,Фундук,Ланцелот,,2022,прижилося,
H-G.M14,house,перед городом,14,Фундук,Джедай,,2022,прижилося,
H-G.M16,house,перед городом,16,Фундук,Ланцелот,,2022,прижилося,
H-G.M58,house,перед городом,58,Слива,Венгерка,,2023,прижилося,
H-G.M63,house,перед городом,63,Нектарин,Big Top,,2026,посаджено,
H-G.M69,house,перед городом,69,Груша,Дюшес літній,,2023,прижилося,
H-R1.M02,house,1,2,Гортензія,,,2023,сумнівно,декоративний кущ
H-R1.M04,house,1,4,Малина,,,2023,прижилося,ягідник
H-R1.M06,house,1,6,Малина,,,2023,прижилося,ягідник
H-R1.M09,house,1,9,Смородина,,,2023,прижилося,ягідник
H-R1.M11,house,1,11,Аґрус,,,2023,прижилося,ягідник
H-R1.M13,house,1,13,Аґрус,,,2023,прижилося,ягідник
H-R1.M15,house,1,15,Аґрус,,,2023,прижилося,ягідник
H-R1.M17,house,1,17,Смородина,,,2023,прижилося,ягідник
H-R1.M19,house,1,19,Аґрус,,,2023,прижилося,ягідник
H-R1.M21,house,1,21,Смородина,,,2023,прижилося,ягідник
H-R1.M23,house,1,23,Жимолость,Дует,,2023,прижилося,ягідник
H-R1.M25,house,1,25,Жимолость,Блакитне Веретено,,2023,прижилося,ягідник
H-R1.M26,house,1,26,Жимолость,Югана,,2026,посаджено,ягідник
H-R1.M66,house,1,66,Смородина,Дана,,2026,посаджено,ягідник
H-R1.M68,house,1,68,Жимолость,Бореал Бьюті,,2026,посаджено,ягідник
H-R1.M70,house,1,70,Жимолость,Honey Bee,,2026,посаджено,ягідник
H-R1.M72,house,1,72,Жимолость,Honey Bee,,2026,посаджено,ягідник
H-R1.M73,house,1,73,Жимолость,Аврора,,2026,посаджено,ягідник
H-R1.M74,house,1,74,Йошта,,,2023,прижилося,ягідник
H-R2.M02,house,2,2,Волоський горіх,Велетень,,2023,прижилося,
H-R2.M07,house,2,7,Волоський горіх,Велетень,,2023,прижилося,
H-R2.M13,house,2,13,Волоський горіх,Велетень,,2023,прижилося,
H-R2.M16,house,2,16,Форзиція,Maluch,,2024,прижилося,декоративний кущ
H-R2.M19,house,2,19,Волоський горіх,Жовква,,2023,прижилося,
H-R2.M24,house,2,24,Еводія,Даніеля,,2024,сумнівно,медонос
H-R2.M29,house,2,29,Форзиція,Maluch,,2024,прижилося,декоративний кущ
H-R2.M33,house,2,33,Еводія,Даніеля,,2024,сумнівно,медонос
H-R2.M38,house,2,38,Каштан,їстівний,,2026,сумнівно,
H-R2.M44,house,2,44,Каштан,їстівний,,2026,сумнівно,
H-R2.M49,house,2,49,Волоський горіх,Кочерженко,,2026,посаджено,3-річний
H-R2.M54,house,2,54,Волоський горіх,Кочерженко,,2026,посаджено,3-річний
M-R1.M35,main,1,35,Черешня,2024,,2025,прижилося,
M-R1.M39,main,1,39,Черешня,2024,,2025,прижилося,
M-R1.M43,main,1,43,Груша,Старкримсон,,2024,засохло,
M-R1.M48,main,1,48,Яблуня,,,2025,прижилося,
M-R1.M52,main,1,52,Груша,Анжеліс,,2024,прижилося,
M-R1.M57,main,1,57,Черешня,Аніта,,2024,прижилося,
M-R3.M02,main,3,2,Абрикос,Робада,алича,2025,прижилося,
M-R3.M35,main,3,35,Слива,Юбілеум,алича,2024,засохло,щепа
M-R3.M39,main,3,39,Шовковиця,Малинівка,,2024,прижилося,
M-R3.M43,main,3,43,Обліпиха,Августин (чол),,2024,прижилося,запилювач
M-R3.M48,main,3,48,слива,,,2024,засохло,
M-R3.M52,main,3,52,слива,,,2024,засохло,
M-R3.M57,main,3,57,Черешня,Великоплідна,,2024,прижилося,
M-R4.M05,main,4,5,Нектарин,Honey Heaven,,2026,посаджено,
M-R4.M08,main,4,8,Груша,Киргизька,,2024,прижилося,зимовий сорт
M-R4.M14,main,4,14,Кизил,Сіянець,,2023,засохло,засохло 2026
M-R4.M17,main,4,17,Кизил,Щеплений,,2023,прижилося,Сопошин
M-R4.M20,main,4,20,Фундук,Косфорд,,2023,прижилося,
M-R4.M22,main,4,22,Фундук,Морозівський,,2026,посаджено,
M-R4.M28,main,4,28,Фундук,Дар Павленко,,2026,посаджено,дворічний
M-R4.M33,main,4,33,Абрикос,на щеплення,,2024,прижилося,підщепа
M-R4.M39,main,4,39,Абрикос,пізній,,2024,прижилося,
M-R4.M43,main,4,43,Обліпиха,Августин (жін),,2024,прижилося,плодоносна
M-R4.M48,main,4,48,Груша,Марія,,2023,прижилося,зимовий сорт
M-R4.M52,main,4,52,Сливово-черешневий гібрид,Світ Тріат,,2024,сумнівно,
M-R5.M02,main,5,2,Груша,Бере Боск,ВА-29,2023,прижилося,осінній сорт
M-R5.M05,main,5,5,Груша,Генерал Тотлебен,ВА-29,2023,прижилося,зимовий сорт
M-R5.M08,main,5,8,Слива,Біла,,2023,прижилося,Сопошин
M-R5.M11,main,5,11,Груша,Миклашів,,2025,прижилося,
M-R5.M13,main,5,13,Фундук,Грандіозний,,2026,посаджено,дворічний
M-R5.M15,main,5,15,Ліщина,Сопошин,,2023,прижилося,привита
M-R5.M20,main,5,20,Фундук,Сирена,,2023,прижилося,червонолистий
M-R5.M22,main,5,22,Фундук,Сирена,,2023,прижилося,червонолистий
M-R5.M24,main,5,24,Фундук,Сирена,,2023,прижилося,червонолистий
M-R5.M26,main,5,26,Фундук,Галле,,2023,прижилося,
M-R5.M28,main,5,28,Фундук,Косфорд,,2023,прижилося,
M-R5.M31,main,5,31,Фундук,,,2023,прижилося,
M-R5.M35,main,5,35,Груша,Марія,,2025,прижилося,
M-R5.M39,main,5,39,Абрикос,Пріція,алича,2026,засохло,
M-R5.M43,main,5,43,Яблуня,Вільямс Прайд,ММ-106,2026,сумнівно,літній PY-47
M-R5.M48,main,5,48,Слива,Кубанська рання,алича,2024,прижилося,
M-R5.M52,main,5,52,Слива,Ренклод Карбишева,алича,2024,прижилося,
M-R6.M02,main,6,2,Абрикос,ранній (Сопошин),,2023,прижилося,
M-R6.M05,main,6,5,Айва яблукоподібна,Відмінниця,,2026,посаджено,осіння
M-R6.M08,main,6,8,Абрикос,,,2023,сумнівно,
M-R6.M11,main,6,11,Слива,2024,,2025,прижилося,
M-R6.M15,main,6,15,Яблуня,Сопошин,ММ-106,2024,прижилося,
M-R6.M20,main,6,20,Яблуня,Сопошин,,2024,прижилося,
M-R6.M24,main,6,24,Яблуня,Сопошин,,2024,прижилося,
M-R6.M30,main,6,30,Абрикос гібридний,Чорний принц,алича,2026,посаджено,PH-01
M-R6.M35,main,6,35,Айва,Студентка,ВА-29,2026,посаджено,зимова PD-03
M-R6.M39,main,6,39,Абрикос,Фарбелі,алича,2026,посаджено,
M-R6.M43,main,6,43,Яблуня,на щіпу,,2024,прижилося,
M-R6.M48,main,6,48,Яблуня,Голден Делішес,ММ-106,2024,прижилося,
M-R6.M52,main,6,52,Яблуня,Ред Чіф,ММ-106,2024,прижилося,
M-R7.M02,main,7,2,Волоський горіх,Ідеал,,2020,прижилося,скороплідний
M-R7.M06,main,7,6,Волоський горіх,Великоплідний,,2020,прижилося,
M-R7.M10,main,7,10,Волоський горіх,Буковинська бомба,,2020,прижилося,
M-R7.M15,main,7,15,Волоський горіх,сієнець,,2020,прижилося,
M-R7.M20,main,7,20,Волоський горіх,сієнець,,2020,прижилося,
M-R7.M25,main,7,25,Волоський горіх,сієнець,,2020,прижилося,
M-R7.M31,main,7,31,Волоський горіх,сієнець,,2020,прижилося,
M-R7.M37,main,7,37,Волоський горіх,сієнець,,2020,прижилося,
M-R7.M43,main,7,43,Волоський горіх,сієнець,,2020,прижилося,
